FILE,Z_QSO,N_ABS,N_DLA
output/abs_templates/PAQS_absorber_000001.fits,2.784925536851386,8,1
output/abs_templates/PAQS_absorber_000002.fits,3.0582569379273212,4,0
output/abs_templates/PAQS_absorber_000003.fits,2.3106556860524847,3,0
output/abs_templates/PAQS_absorber_000004.fits,2.2728953432702723,4,0
output/abs_templates/PAQS_absorber_000005.fits,3.9734595311916774,11,2
output/abs_templates/PAQS_absorber_000006.fits,2.6296407185489064,10,0
output/abs_templates/PAQS_absorber_000007.fits,3.7454813595706615,11,0
output/abs_templates/PAQS_absorber_000008.fits,2.214031249623093,9,0
output/abs_templates/PAQS_absorber_000009.fits,2.469369768568403,9,0
output/abs_templates/PAQS_absorber_000010.fits,3.64916032412171,11,1
output/abs_templates/PAQS_absorber_000011.fits,3.7687209387387455,14,1
output/abs_templates/PAQS_absorber_000012.fits,3.070518487003281,5,0
output/abs_templates/PAQS_absorber_000013.fits,2.982866748428112,5,1
output/abs_templates/PAQS_absorber_000014.fits,3.9625288985440132,12,1
output/abs_templates/PAQS_absorber_000015.fits,3.8133342463074174,17,0
output/abs_templates/PAQS_absorber_000016.fits,2.9671260645647215,6,0
output/abs_templates/PAQS_absorber_000017.fits,2.036376238548991,1,0
output/abs_templates/PAQS_absorber_000018.fits,3.891521880584171,13,3
output/abs_templates/PAQS_absorber_000019.fits,3.0262169731846345,11,2
output/abs_templates/PAQS_absorber_000020.fits,2.778680303069889,4,0
output/abs_templates/PAQS_absorber_000021.fits,2.775899162256401,5,0
output/abs_templates/PAQS_absorber_000022.fits,3.820547513092749,13,1
output/abs_templates/PAQS_absorber_000023.fits,3.4230452456253833,7,0
output/abs_templates/PAQS_absorber_000024.fits,3.263324707710038,8,2
output/abs_templates/PAQS_absorber_000025.fits,3.5481851713383876,11,0
output/abs_templates/PAQS_absorber_000026.fits,2.1100848577812314,0,0
output/abs_templates/PAQS_absorber_000027.fits,2.4213276204678484,6,0
output/abs_templates/PAQS_absorber_000028.fits,2.9338264275518857,8,0
output/abs_templates/PAQS_absorber_000029.fits,3.156159423746926,4,0
output/abs_templates/PAQS_absorber_000030.fits,3.7671480654631724,8,2
output/abs_templates/PAQS_absorber_000031.fits,2.4336080766465567,2,0
output/abs_templates/PAQS_absorber_000032.fits,2.5972351163928735,5,1
output/abs_templates/PAQS_absorber_000033.fits,2.124782938329548,5,0
output/abs_templates/PAQS_absorber_000034.fits,2.621233141176777,2,1
output/abs_templates/PAQS_absorber_000035.fits,3.9226658061959623,11,1
output/abs_templates/PAQS_absorber_000036.fits,3.14306269928961,11,2
output/abs_templates/PAQS_absorber_000037.fits,3.4902976127574217,14,3
output/abs_templates/PAQS_absorber_000038.fits,2.1000543216061462,4,0
output/abs_templates/PAQS_absorber_000039.fits,2.1706518700089577,0,0
output/abs_templates/PAQS_absorber_000040.fits,3.196543760086989,8,0
output/abs_templates/PAQS_absorber_000041.fits,3.129371747359823,10,1
output/abs_templates/PAQS_absorber_000042.fits,2.336739202245372,4,0
output/abs_templates/PAQS_absorber_000043.fits,2.551645084013506,5,1
output/abs_templates/PAQS_absorber_000044.fits,3.4478398201117395,9,0
output/abs_templates/PAQS_absorber_000045.fits,3.148676987467785,5,1
output/abs_templates/PAQS_absorber_000046.fits,2.2062097388654163,7,0
output/abs_templates/PAQS_absorber_000047.fits,2.9916252047071845,7,0
output/abs_templates/PAQS_absorber_000048.fits,2.598348096359718,9,0
output/abs_templates/PAQS_absorber_000049.fits,2.7194432518383937,4,1
output/abs_templates/PAQS_absorber_000050.fits,3.726203686566043,13,0
output/abs_templates/PAQS_absorber_000051.fits,3.7335810992925245,10,0
output/abs_templates/PAQS_absorber_000052.fits,3.1726033472614517,9,1
output/abs_templates/PAQS_absorber_000053.fits,2.625351963776873,1,0
output/abs_templates/PAQS_absorber_000054.fits,2.538242113412793,5,1
output/abs_templates/PAQS_absorber_000055.fits,2.755759159527565,5,0
output/abs_templates/PAQS_absorber_000056.fits,3.5925432618932223,10,2
output/abs_templates/PAQS_absorber_000057.fits,3.714905087531858,12,2
output/abs_templates/PAQS_absorber_000058.fits,3.016608280939465,7,0
output/abs_templates/PAQS_absorber_000059.fits,2.8677460119763705,6,1
output/abs_templates/PAQS_absorber_000060.fits,2.2143741785432045,4,0
output/abs_templates/PAQS_absorber_000061.fits,3.666029070939389,12,2
output/abs_templates/PAQS_absorber_000062.fits,3.801581748233823,16,1
output/abs_templates/PAQS_absorber_000063.fits,3.378648496911672,13,0
output/abs_templates/PAQS_absorber_000064.fits,3.1441608196542288,6,0
output/abs_templates/PAQS_absorber_000065.fits,3.633508974992065,14,0
output/abs_templates/PAQS_absorber_000066.fits,2.828142138503501,2,0
output/abs_templates/PAQS_absorber_000067.fits,2.0137952546405193,2,0
output/abs_templates/PAQS_absorber_000068.fits,3.792798995038451,13,0
output/abs_templates/PAQS_absorber_000069.fits,2.5441712125747156,10,0
output/abs_templates/PAQS_absorber_000070.fits,2.6042714517020418,5,0
output/abs_templates/PAQS_absorber_000071.fits,3.090428754475691,10,0
output/abs_templates/PAQS_absorber_000072.fits,3.83551690256206,11,1
output/abs_templates/PAQS_absorber_000073.fits,2.5732036715775775,7,0
output/abs_templates/PAQS_absorber_000074.fits,2.6445617162514856,4,0
output/abs_templates/PAQS_absorber_000075.fits,3.530747982081996,9,0
output/abs_templates/PAQS_absorber_000076.fits,3.3364636579628675,6,0
output/abs_templates/PAQS_absorber_000077.fits,3.6938853347944893,14,2
output/abs_templates/PAQS_absorber_000078.fits,3.1009225554412794,8,1
output/abs_templates/PAQS_absorber_000079.fits,2.8612587384927735,3,1
output/abs_templates/PAQS_absorber_000080.fits,2.036877844474274,5,0
output/abs_templates/PAQS_absorber_000081.fits,3.139757439972699,8,0
output/abs_templates/PAQS_absorber_000082.fits,3.7363807290856705,12,1
output/abs_templates/PAQS_absorber_000083.fits,2.059439332131864,3,0
output/abs_templates/PAQS_absorber_000084.fits,2.472684370292899,4,0
output/abs_templates/PAQS_absorber_000085.fits,2.4412040288224293,6,1
output/abs_templates/PAQS_absorber_000086.fits,2.9382138283926444,14,0
output/abs_templates/PAQS_absorber_000087.fits,3.216865973537071,16,0
output/abs_templates/PAQS_absorber_000088.fits,2.268206782268306,6,0
output/abs_templates/PAQS_absorber_000089.fits,3.15929501187491,14,4
output/abs_templates/PAQS_absorber_000090.fits,3.629657249570422,8,0
output/abs_templates/PAQS_absorber_000091.fits,2.456282863305699,6,0
output/abs_templates/PAQS_absorber_000092.fits,2.7657462557241086,3,0
output/abs_templates/PAQS_absorber_000093.fits,3.6858992662660452,15,2
output/abs_templates/PAQS_absorber_000094.fits,2.1489458923109925,1,0
output/abs_templates/PAQS_absorber_000095.fits,2.7663744524629346,5,0
output/abs_templates/PAQS_absorber_000096.fits,3.0147176626707965,7,1
output/abs_templates/PAQS_absorber_000097.fits,3.021360705147968,4,0
output/abs_templates/PAQS_absorber_000098.fits,3.7419881120097807,8,0
output/abs_templates/PAQS_absorber_000099.fits,3.319343494617218,6,2
output/abs_templates/PAQS_absorber_000100.fits,2.0124894896873213,4,0
output/abs_templates/PAQS_absorber_000101.fits,2.772859639500041,4,0
output/abs_templates/PAQS_absorber_000102.fits,3.0312128674905354,5,1
output/abs_templates/PAQS_absorber_000103.fits,3.176625126737429,7,0
output/abs_templates/PAQS_absorber_000104.fits,3.3500567234321874,10,0
output/abs_templates/PAQS_absorber_000105.fits,3.1535729246909163,10,3
output/abs_templates/PAQS_absorber_000106.fits,2.883044548398718,13,1
output/abs_templates/PAQS_absorber_000107.fits,3.5098694927536314,8,2
output/abs_templates/PAQS_absorber_000108.fits,3.09067639842325,7,1
output/abs_templates/PAQS_absorber_000109.fits,2.0292079907904856,1,0
output/abs_templates/PAQS_absorber_000110.fits,3.417563188361174,7,1
output/abs_templates/PAQS_absorber_000111.fits,2.4728379887667,1,1
output/abs_templates/PAQS_absorber_000112.fits,3.5812090772533054,10,2
output/abs_templates/PAQS_absorber_000113.fits,3.172895631354804,15,2
output/abs_templates/PAQS_absorber_000114.fits,2.9997230913907185,10,2
output/abs_templates/PAQS_absorber_000115.fits,3.6903456832357064,7,0
output/abs_templates/PAQS_absorber_000116.fits,2.315706765767211,1,0
output/abs_templates/PAQS_absorber_000117.fits,2.5750016883562097,7,0
output/abs_templates/PAQS_absorber_000118.fits,3.635818248142014,7,0
output/abs_templates/PAQS_absorber_000119.fits,2.184389802773741,5,0
output/abs_templates/PAQS_absorber_000120.fits,2.9367432251216883,7,0
output/abs_templates/PAQS_absorber_000121.fits,2.736175138534006,9,0
output/abs_templates/PAQS_absorber_000122.fits,2.333324520319404,5,1
output/abs_templates/PAQS_absorber_000123.fits,3.8882346521097695,8,0
output/abs_templates/PAQS_absorber_000124.fits,2.3788869010605804,3,0
output/abs_templates/PAQS_absorber_000125.fits,2.630064887683492,7,1
output/abs_templates/PAQS_absorber_000126.fits,2.610526923192559,4,1
output/abs_templates/PAQS_absorber_000127.fits,2.9900678427279255,9,0
output/abs_templates/PAQS_absorber_000128.fits,2.5926518606143483,7,0
output/abs_templates/PAQS_absorber_000129.fits,2.429753092975239,5,0
output/abs_templates/PAQS_absorber_000130.fits,2.3123441323658183,3,0
output/abs_templates/PAQS_absorber_000131.fits,2.134314387146767,3,0
output/abs_templates/PAQS_absorber_000132.fits,2.293127011907891,4,0
output/abs_templates/PAQS_absorber_000133.fits,3.9506484283094734,16,1
output/abs_templates/PAQS_absorber_000134.fits,3.2815823474596932,11,1
output/abs_templates/PAQS_absorber_000135.fits,2.9213482306088916,5,1
output/abs_templates/PAQS_absorber_000136.fits,3.812595696390935,13,3
output/abs_templates/PAQS_absorber_000137.fits,2.930013880636383,10,0
output/abs_templates/PAQS_absorber_000138.fits,2.38661030141089,4,0
output/abs_templates/PAQS_absorber_000139.fits,2.1034543949725553,7,0
output/abs_templates/PAQS_absorber_000140.fits,3.553041201855317,13,4
output/abs_templates/PAQS_absorber_000141.fits,2.316028530175606,2,0
output/abs_templates/PAQS_absorber_000142.fits,2.426069118729238,4,1
output/abs_templates/PAQS_absorber_000143.fits,2.480422721448224,4,0
output/abs_templates/PAQS_absorber_000144.fits,2.9736029704647806,5,0
output/abs_templates/PAQS_absorber_000145.fits,3.154469136327374,7,0
output/abs_templates/PAQS_absorber_000146.fits,2.9955046553256057,10,0
output/abs_templates/PAQS_absorber_000147.fits,3.551249200385693,13,3
output/abs_templates/PAQS_absorber_000148.fits,3.6400809866625354,8,0
output/abs_templates/PAQS_absorber_000149.fits,2.648300338553173,4,0
output/abs_templates/PAQS_absorber_000150.fits,2.594786070915542,2,0
output/abs_templates/PAQS_absorber_000151.fits,2.006509856612404,4,0
output/abs_templates/PAQS_absorber_000152.fits,2.0181703476520205,5,0
output/abs_templates/PAQS_absorber_000153.fits,2.9101752056251042,6,0
output/abs_templates/PAQS_absorber_000154.fits,2.249403069888796,0,0
output/abs_templates/PAQS_absorber_000155.fits,3.6203108253922935,8,0
output/abs_templates/PAQS_absorber_000156.fits,2.37387685813637,3,0
output/abs_templates/PAQS_absorber_000157.fits,2.6264456520504,2,0
output/abs_templates/PAQS_absorber_000158.fits,3.4317777851703033,10,2
output/abs_templates/PAQS_absorber_000159.fits,3.617168839491926,7,0
output/abs_templates/PAQS_absorber_000160.fits,3.1184383662168473,5,1
output/abs_templates/PAQS_absorber_000161.fits,3.314372131847058,8,1
output/abs_templates/PAQS_absorber_000162.fits,2.5717215138196234,5,1
output/abs_templates/PAQS_absorber_000163.fits,2.39335483998032,2,0
output/abs_templates/PAQS_absorber_000164.fits,3.02564853988253,4,0
output/abs_templates/PAQS_absorber_000165.fits,3.5056558441243273,13,1
output/abs_templates/PAQS_absorber_000166.fits,2.9218858628887996,4,1
output/abs_templates/PAQS_absorber_000167.fits,3.7142611938494503,10,2
output/abs_templates/PAQS_absorber_000168.fits,3.4922817386504095,18,2
output/abs_templates/PAQS_absorber_000169.fits,2.111258931193011,2,0
output/abs_templates/PAQS_absorber_000170.fits,2.2086022703839268,4,0
output/abs_templates/PAQS_absorber_000171.fits,3.852030361589155,22,2
output/abs_templates/PAQS_absorber_000172.fits,3.7179764565184996,15,0
output/abs_templates/PAQS_absorber_000173.fits,2.648814039754937,7,2
output/abs_templates/PAQS_absorber_000174.fits,2.449146004502975,5,0
output/abs_templates/PAQS_absorber_000175.fits,2.8789542854319485,9,0
output/abs_templates/PAQS_absorber_000176.fits,2.958267151511498,6,0
output/abs_templates/PAQS_absorber_000177.fits,3.0738348289480024,8,0
output/abs_templates/PAQS_absorber_000178.fits,3.1808243959415146,3,0
output/abs_templates/PAQS_absorber_000179.fits,3.2114427725472874,9,1
output/abs_templates/PAQS_absorber_000180.fits,3.033155238266207,2,1
output/abs_templates/PAQS_absorber_000181.fits,2.2580932410858323,2,0
output/abs_templates/PAQS_absorber_000182.fits,3.228018891218314,8,0
output/abs_templates/PAQS_absorber_000183.fits,2.4399934959198113,3,0
output/abs_templates/PAQS_absorber_000184.fits,3.1282883368129832,9,3
output/abs_templates/PAQS_absorber_000185.fits,3.868830977168188,12,0
output/abs_templates/PAQS_absorber_000186.fits,2.1260143878452467,6,0
output/abs_templates/PAQS_absorber_000187.fits,3.025850274280503,8,0
output/abs_templates/PAQS_absorber_000188.fits,3.84953136130673,16,3
output/abs_templates/PAQS_absorber_000189.fits,2.1005794391632016,2,0
output/abs_templates/PAQS_absorber_000190.fits,3.6037158762884896,11,2
output/abs_templates/PAQS_absorber_000191.fits,2.929595487645969,7,1
output/abs_templates/PAQS_absorber_000192.fits,2.3522645126020545,7,0
output/abs_templates/PAQS_absorber_000193.fits,3.0786407277475827,7,1
output/abs_templates/PAQS_absorber_000194.fits,3.5538964773575605,6,1
output/abs_templates/PAQS_absorber_000195.fits,2.7613556216484927,4,0
output/abs_templates/PAQS_absorber_000196.fits,2.4033521192037046,3,0
output/abs_templates/PAQS_absorber_000197.fits,2.990695896351583,9,0
output/abs_templates/PAQS_absorber_000198.fits,2.260465952935446,1,0
output/abs_templates/PAQS_absorber_000199.fits,3.6057317657963335,25,2
output/abs_templates/PAQS_absorber_000200.fits,2.359825195138778,3,1
output/abs_templates/PAQS_absorber_000201.fits,2.9783048154984666,2,0
output/abs_templates/PAQS_absorber_000202.fits,2.390148949351488,2,0
output/abs_templates/PAQS_absorber_000203.fits,3.095312013808708,11,0
output/abs_templates/PAQS_absorber_000204.fits,3.810109596202787,18,3
output/abs_templates/PAQS_absorber_000205.fits,3.299294421796067,14,0
output/abs_templates/PAQS_absorber_000206.fits,2.5478145743925094,10,0
output/abs_templates/PAQS_absorber_000207.fits,2.239468114507469,5,0
output/abs_templates/PAQS_absorber_000208.fits,2.4674137769383786,6,1
output/abs_templates/PAQS_absorber_000209.fits,2.9278969835515944,6,1
output/abs_templates/PAQS_absorber_000210.fits,3.5725910689706777,13,2
output/abs_templates/PAQS_absorber_000211.fits,2.9670362547817444,8,0
output/abs_templates/PAQS_absorber_000212.fits,2.8772734133029125,9,1
output/abs_templates/PAQS_absorber_000213.fits,2.02246035676161,3,0
output/abs_templates/PAQS_absorber_000214.fits,3.468458973451187,12,3
output/abs_templates/PAQS_absorber_000215.fits,2.126029194321184,2,0
output/abs_templates/PAQS_absorber_000216.fits,2.5351313515142877,4,0
output/abs_templates/PAQS_absorber_000217.fits,2.304340460063216,4,0
output/abs_templates/PAQS_absorber_000218.fits,2.467974450080798,4,0
output/abs_templates/PAQS_absorber_000219.fits,3.7043916574101172,14,1
output/abs_templates/PAQS_absorber_000220.fits,3.4329242521066337,11,1
output/abs_templates/PAQS_absorber_000221.fits,2.608172347522914,5,1
output/abs_templates/PAQS_absorber_000222.fits,2.0190784865172176,5,0
output/abs_templates/PAQS_absorber_000223.fits,3.7312963936557515,8,1
output/abs_templates/PAQS_absorber_000224.fits,3.80291736956618,8,1
output/abs_templates/PAQS_absorber_000225.fits,3.7954124472763455,7,2
output/abs_templates/PAQS_absorber_000226.fits,3.625755203343969,8,2
output/abs_templates/PAQS_absorber_000227.fits,2.541642049699761,4,2
output/abs_templates/PAQS_absorber_000228.fits,3.041231995510583,9,0
output/abs_templates/PAQS_absorber_000229.fits,2.309319251037199,4,0
output/abs_templates/PAQS_absorber_000230.fits,2.8651164123833732,6,1
output/abs_templates/PAQS_absorber_000231.fits,3.774685904464878,8,2
output/abs_templates/PAQS_absorber_000232.fits,3.110257106708148,9,0
output/abs_templates/PAQS_absorber_000233.fits,2.846520493965798,10,0
output/abs_templates/PAQS_absorber_000234.fits,2.202864032808994,4,0
output/abs_templates/PAQS_absorber_000235.fits,3.4153083950158156,8,0
output/abs_templates/PAQS_absorber_000236.fits,2.9037787500769285,6,0
output/abs_templates/PAQS_absorber_000237.fits,2.6796222086530372,7,0
output/abs_templates/PAQS_absorber_000238.fits,2.8250938438731565,7,2
output/abs_templates/PAQS_absorber_000239.fits,2.4664859801675085,3,0
output/abs_templates/PAQS_absorber_000240.fits,3.0683426007041614,8,0
output/abs_templates/PAQS_absorber_000241.fits,3.0976673194006947,9,0
output/abs_templates/PAQS_absorber_000242.fits,2.9547118830810026,5,0
output/abs_templates/PAQS_absorber_000243.fits,3.442764090147161,10,1
output/abs_templates/PAQS_absorber_000244.fits,2.442451827504483,3,0
output/abs_templates/PAQS_absorber_000245.fits,3.0683166598829548,6,0
output/abs_templates/PAQS_absorber_000246.fits,3.2056487214250398,6,0
output/abs_templates/PAQS_absorber_000247.fits,2.96745945277011,9,0
output/abs_templates/PAQS_absorber_000248.fits,2.0249660863973826,2,0
output/abs_templates/PAQS_absorber_000249.fits,3.1921512403551384,12,0
output/abs_templates/PAQS_absorber_000250.fits,2.1319855029904478,2,0
output/abs_templates/PAQS_absorber_000251.fits,2.2045490715074836,3,0
output/abs_templates/PAQS_absorber_000252.fits,2.819939094665271,10,0
output/abs_templates/PAQS_absorber_000253.fits,3.287657690380465,11,1
output/abs_templates/PAQS_absorber_000254.fits,3.9918430864520005,13,2
output/abs_templates/PAQS_absorber_000255.fits,3.958680736461678,16,1
output/abs_templates/PAQS_absorber_000256.fits,2.53462793678574,3,0
output/abs_templates/PAQS_absorber_000257.fits,3.5988617592153007,15,3
output/abs_templates/PAQS_absorber_000258.fits,2.2689061043286545,4,0
output/abs_templates/PAQS_absorber_000259.fits,3.833863416707758,21,3
output/abs_templates/PAQS_absorber_000260.fits,2.421036573334563,6,0
output/abs_templates/PAQS_absorber_000261.fits,2.8216272136717038,7,0
output/abs_templates/PAQS_absorber_000262.fits,2.095834340690357,2,0
output/abs_templates/PAQS_absorber_000263.fits,3.255868994421685,9,0
output/abs_templates/PAQS_absorber_000264.fits,2.2044772145039566,3,0
output/abs_templates/PAQS_absorber_000265.fits,3.66797712330577,13,1
output/abs_templates/PAQS_absorber_000266.fits,3.3513851358489393,9,1
output/abs_templates/PAQS_absorber_000267.fits,2.81970466594528,4,0
output/abs_templates/PAQS_absorber_000268.fits,2.8988295341992325,8,0
output/abs_templates/PAQS_absorber_000269.fits,2.460603556231055,2,0
output/abs_templates/PAQS_absorber_000270.fits,2.804944995416302,9,0
output/abs_templates/PAQS_absorber_000271.fits,3.8326387225810383,14,0
output/abs_templates/PAQS_absorber_000272.fits,2.798079766125565,6,0
output/abs_templates/PAQS_absorber_000273.fits,3.172576808086054,9,0
output/abs_templates/PAQS_absorber_000274.fits,3.7389929770685137,15,1
output/abs_templates/PAQS_absorber_000275.fits,3.864992396466988,16,2
output/abs_templates/PAQS_absorber_000276.fits,2.4605143054704612,7,0
output/abs_templates/PAQS_absorber_000277.fits,2.24493764517957,1,0
output/abs_templates/PAQS_absorber_000278.fits,2.1645812531354798,2,0
output/abs_templates/PAQS_absorber_000279.fits,3.0971212410725055,11,1
output/abs_templates/PAQS_absorber_000280.fits,2.090924484264665,1,0
output/abs_templates/PAQS_absorber_000281.fits,3.9638368289807375,13,0
output/abs_templates/PAQS_absorber_000282.fits,3.0977530495853403,9,0
output/abs_templates/PAQS_absorber_000283.fits,2.778063054860329,4,0
output/abs_templates/PAQS_absorber_000284.fits,2.640507087959783,4,0
output/abs_templates/PAQS_absorber_000285.fits,2.5919876833544158,1,0
output/abs_templates/PAQS_absorber_000286.fits,2.0570825343723906,2,0
output/abs_templates/PAQS_absorber_000287.fits,2.0638648940727062,5,0
output/abs_templates/PAQS_absorber_000288.fits,2.18522813377064,7,0
output/abs_templates/PAQS_absorber_000289.fits,3.199577602820074,5,0
output/abs_templates/PAQS_absorber_000290.fits,3.135946620914802,7,1
output/abs_templates/PAQS_absorber_000291.fits,2.037987092586131,4,0
output/abs_templates/PAQS_absorber_000292.fits,2.2077441379495824,2,0
output/abs_templates/PAQS_absorber_000293.fits,3.2045001947204375,12,0
output/abs_templates/PAQS_absorber_000294.fits,2.9585363788355883,11,2
output/abs_templates/PAQS_absorber_000295.fits,2.812482104640896,4,0
output/abs_templates/PAQS_absorber_000296.fits,2.2713336083207483,6,0
output/abs_templates/PAQS_absorber_000297.fits,2.3283751585722907,4,0
output/abs_templates/PAQS_absorber_000298.fits,2.79788385430545,3,0
output/abs_templates/PAQS_absorber_000299.fits,2.061029001858053,5,0
output/abs_templates/PAQS_absorber_000300.fits,2.335381499600343,5,0
output/abs_templates/PAQS_absorber_000301.fits,2.5207777047650115,3,0
output/abs_templates/PAQS_absorber_000302.fits,2.4927223631622635,1,0
output/abs_templates/PAQS_absorber_000303.fits,2.7164664474860105,7,0
output/abs_templates/PAQS_absorber_000304.fits,3.341570191047202,8,1
output/abs_templates/PAQS_absorber_000305.fits,3.4576633904412506,5,0
output/abs_templates/PAQS_absorber_000306.fits,3.177171261596647,8,2
output/abs_templates/PAQS_absorber_000307.fits,3.9664843805141095,13,2
output/abs_templates/PAQS_absorber_000308.fits,3.149060968014446,10,0
output/abs_templates/PAQS_absorber_000309.fits,2.735968467913928,9,1
output/abs_templates/PAQS_absorber_000310.fits,3.6741556262887096,11,0
output/abs_templates/PAQS_absorber_000311.fits,2.3231303403297465,5,0
output/abs_templates/PAQS_absorber_000312.fits,2.7762110232315806,6,0
output/abs_templates/PAQS_absorber_000313.fits,2.498886950652821,12,0
output/abs_templates/PAQS_absorber_000314.fits,3.686121897827533,10,0
output/abs_templates/PAQS_absorber_000315.fits,2.326535553830735,1,0
output/abs_templates/PAQS_absorber_000316.fits,3.8460250643098566,10,1
output/abs_templates/PAQS_absorber_000317.fits,3.815320211052916,22,5
output/abs_templates/PAQS_absorber_000318.fits,2.515838945866762,5,0
output/abs_templates/PAQS_absorber_000319.fits,2.1872015062405454,4,0
output/abs_templates/PAQS_absorber_000320.fits,2.7653703529999003,4,2
output/abs_templates/PAQS_absorber_000321.fits,3.0924983337343828,4,0
output/abs_templates/PAQS_absorber_000322.fits,3.628554604899821,12,1
output/abs_templates/PAQS_absorber_000323.fits,2.4193130695833767,4,0
output/abs_templates/PAQS_absorber_000324.fits,3.5107165310420125,16,0
output/abs_templates/PAQS_absorber_000325.fits,3.700243832576023,12,1
output/abs_templates/PAQS_absorber_000326.fits,2.949184478529464,5,1
output/abs_templates/PAQS_absorber_000327.fits,2.0247404119360035,3,0
output/abs_templates/PAQS_absorber_000328.fits,3.4413286013923106,9,1
output/abs_templates/PAQS_absorber_000329.fits,2.9217189781163206,4,2
output/abs_templates/PAQS_absorber_000330.fits,3.8758000340484817,7,0
output/abs_templates/PAQS_absorber_000331.fits,2.9288772603909115,5,0
output/abs_templates/PAQS_absorber_000332.fits,3.923397527525938,10,0
output/abs_templates/PAQS_absorber_000333.fits,3.64089204576692,15,0
output/abs_templates/PAQS_absorber_000334.fits,3.7715932214989945,9,0
output/abs_templates/PAQS_absorber_000335.fits,3.6294733636997885,7,0
output/abs_templates/PAQS_absorber_000336.fits,2.503297180762308,6,0
output/abs_templates/PAQS_absorber_000337.fits,3.8982514242882083,15,2
output/abs_templates/PAQS_absorber_000338.fits,3.383135329723628,4,0
output/abs_templates/PAQS_absorber_000339.fits,3.243346730973692,6,1
output/abs_templates/PAQS_absorber_000340.fits,3.232407932025132,10,1
output/abs_templates/PAQS_absorber_000341.fits,2.524482026914756,3,0
output/abs_templates/PAQS_absorber_000342.fits,3.291138267197605,9,2
output/abs_templates/PAQS_absorber_000343.fits,2.5020417590619397,5,0
output/abs_templates/PAQS_absorber_000344.fits,2.0218020184442427,4,0
output/abs_templates/PAQS_absorber_000345.fits,3.4039046055319258,9,0
output/abs_templates/PAQS_absorber_000346.fits,2.4469938954823736,5,0
output/abs_templates/PAQS_absorber_000347.fits,2.3699025980884785,6,1
output/abs_templates/PAQS_absorber_000348.fits,3.517543335426957,13,0
output/abs_templates/PAQS_absorber_000349.fits,3.442065027160668,17,1
output/abs_templates/PAQS_absorber_000350.fits,3.439315568089106,10,0
output/abs_templates/PAQS_absorber_000351.fits,2.0795849880195654,0,0
output/abs_templates/PAQS_absorber_000352.fits,2.2226448438899826,3,0
output/abs_templates/PAQS_absorber_000353.fits,2.867034335567703,5,0
output/abs_templates/PAQS_absorber_000354.fits,2.5564526241732355,7,0
output/abs_templates/PAQS_absorber_000355.fits,2.4425703965697076,8,0
output/abs_templates/PAQS_absorber_000356.fits,3.7796792822074945,13,2
output/abs_templates/PAQS_absorber_000357.fits,3.8463663627485154,10,0
output/abs_templates/PAQS_absorber_000358.fits,2.887749935954691,13,3
output/abs_templates/PAQS_absorber_000359.fits,2.2604566908427772,4,0
output/abs_templates/PAQS_absorber_000360.fits,2.3475142020742985,5,0
output/abs_templates/PAQS_absorber_000361.fits,3.2564279644604346,8,2
output/abs_templates/PAQS_absorber_000362.fits,3.5200550247596225,17,1
output/abs_templates/PAQS_absorber_000363.fits,3.6917367234589085,12,0
output/abs_templates/PAQS_absorber_000364.fits,3.242236438881566,10,1
output/abs_templates/PAQS_absorber_000365.fits,2.701876532579681,4,0
output/abs_templates/PAQS_absorber_000366.fits,3.4332761995297325,4,0
output/abs_templates/PAQS_absorber_000367.fits,2.984217250732615,3,0
output/abs_templates/PAQS_absorber_000368.fits,2.5964121807612615,5,1
output/abs_templates/PAQS_absorber_000369.fits,2.457680044405758,4,0
output/abs_templates/PAQS_absorber_000370.fits,2.909463655792311,6,1
output/abs_templates/PAQS_absorber_000371.fits,2.600949030513916,7,1
output/abs_templates/PAQS_absorber_000372.fits,2.4163776033941087,4,0
output/abs_templates/PAQS_absorber_000373.fits,2.4494430844217043,1,0
output/abs_templates/PAQS_absorber_000374.fits,2.6098791333371545,5,0
output/abs_templates/PAQS_absorber_000375.fits,2.021875969486557,1,0
output/abs_templates/PAQS_absorber_000376.fits,2.521227347518332,5,1
output/abs_templates/PAQS_absorber_000377.fits,3.3821682818825733,13,0
output/abs_templates/PAQS_absorber_000378.fits,2.4835000361653186,5,1
output/abs_templates/PAQS_absorber_000379.fits,3.8421948394493097,20,1
output/abs_templates/PAQS_absorber_000380.fits,3.3200456630890587,8,0
output/abs_templates/PAQS_absorber_000381.fits,3.0205522543278267,9,1
output/abs_templates/PAQS_absorber_000382.fits,2.010930721344944,2,0
output/abs_templates/PAQS_absorber_000383.fits,2.1765001985599985,5,0
output/abs_templates/PAQS_absorber_000384.fits,3.6301936362723404,10,2
output/abs_templates/PAQS_absorber_000385.fits,3.317170296783524,11,1
output/abs_templates/PAQS_absorber_000386.fits,3.065805370573375,4,0
output/abs_templates/PAQS_absorber_000387.fits,2.3299774842344663,0,0
output/abs_templates/PAQS_absorber_000388.fits,2.27232641226632,4,0
output/abs_templates/PAQS_absorber_000389.fits,2.169632069546333,2,0
output/abs_templates/PAQS_absorber_000390.fits,2.60269241527731,3,0
output/abs_templates/PAQS_absorber_000391.fits,3.6097370991562823,10,2
output/abs_templates/PAQS_absorber_000392.fits,2.7565828354789836,7,0
output/abs_templates/PAQS_absorber_000393.fits,3.3931561384248408,11,0
output/abs_templates/PAQS_absorber_000394.fits,3.254805398978802,10,2
output/abs_templates/PAQS_absorber_000395.fits,3.2366602211009843,11,1
output/abs_templates/PAQS_absorber_000396.fits,2.5318805804587132,4,0
output/abs_templates/PAQS_absorber_000397.fits,2.5767819578462845,3,0
output/abs_templates/PAQS_absorber_000398.fits,3.6692715824569344,16,1
output/abs_templates/PAQS_absorber_000399.fits,3.4351101122355674,6,0
output/abs_templates/PAQS_absorber_000400.fits,2.6165146603731486,5,1
output/abs_templates/PAQS_absorber_000401.fits,3.2554271003836046,10,2
output/abs_templates/PAQS_absorber_000402.fits,2.679196303554915,4,1
output/abs_templates/PAQS_absorber_000403.fits,2.8191811562717506,1,0
output/abs_templates/PAQS_absorber_000404.fits,2.4976267971204082,6,0
output/abs_templates/PAQS_absorber_000405.fits,3.577228293938152,14,2
output/abs_templates/PAQS_absorber_000406.fits,3.227617399623,6,1
output/abs_templates/PAQS_absorber_000407.fits,3.7618883932681486,13,1
output/abs_templates/PAQS_absorber_000408.fits,3.7007616022502585,8,0
output/abs_templates/PAQS_absorber_000409.fits,3.4098760289592294,8,1
output/abs_templates/PAQS_absorber_000410.fits,2.6696305421024893,6,0
output/abs_templates/PAQS_absorber_000411.fits,3.2316747058471047,3,1
output/abs_templates/PAQS_absorber_000412.fits,3.663510223893891,11,3
output/abs_templates/PAQS_absorber_000413.fits,3.294984025205709,7,1
output/abs_templates/PAQS_absorber_000414.fits,3.5013394854494733,4,0
output/abs_templates/PAQS_absorber_000415.fits,2.9777492069212164,16,3
output/abs_templates/PAQS_absorber_000416.fits,3.8871459207770007,12,1
output/abs_templates/PAQS_absorber_000417.fits,2.0274003995704564,1,0
output/abs_templates/PAQS_absorber_000418.fits,3.8183561675395086,15,1
output/abs_templates/PAQS_absorber_000419.fits,3.1748403079349936,9,1
output/abs_templates/PAQS_absorber_000420.fits,2.224725852677548,3,0
output/abs_templates/PAQS_absorber_000421.fits,3.549872626342929,11,1
output/abs_templates/PAQS_absorber_000422.fits,3.68194358551189,6,1
output/abs_templates/PAQS_absorber_000423.fits,2.050062885891233,3,0
output/abs_templates/PAQS_absorber_000424.fits,2.667597140599769,6,0
output/abs_templates/PAQS_absorber_000425.fits,2.500012408120346,7,0
output/abs_templates/PAQS_absorber_000426.fits,2.572770015365144,4,1
output/abs_templates/PAQS_absorber_000427.fits,3.9981966818842043,19,4
output/abs_templates/PAQS_absorber_000428.fits,2.6155661412054574,5,0
output/abs_templates/PAQS_absorber_000429.fits,2.6743700272444197,5,0
output/abs_templates/PAQS_absorber_000430.fits,3.5742523167340283,8,0
output/abs_templates/PAQS_absorber_000431.fits,3.02971221781345,9,1
output/abs_templates/PAQS_absorber_000432.fits,3.988424110853851,12,2
output/abs_templates/PAQS_absorber_000433.fits,3.4444149370354995,14,2
output/abs_templates/PAQS_absorber_000434.fits,2.60918046454893,5,1
output/abs_templates/PAQS_absorber_000435.fits,3.0746993160390774,8,1
output/abs_templates/PAQS_absorber_000436.fits,3.865022191137876,15,2
output/abs_templates/PAQS_absorber_000437.fits,3.2611877989327116,8,0
output/abs_templates/PAQS_absorber_000438.fits,2.4624363750915856,2,0
output/abs_templates/PAQS_absorber_000439.fits,3.543676591152273,10,1
output/abs_templates/PAQS_absorber_000440.fits,3.858422434776407,11,3
output/abs_templates/PAQS_absorber_000441.fits,2.293466386508809,3,0
output/abs_templates/PAQS_absorber_000442.fits,3.556748015036134,10,1
output/abs_templates/PAQS_absorber_000443.fits,3.928330238323195,19,6
output/abs_templates/PAQS_absorber_000444.fits,2.13187819371649,3,0
output/abs_templates/PAQS_absorber_000445.fits,2.8700553947688916,5,1
output/abs_templates/PAQS_absorber_000446.fits,2.3223356602999687,2,0
output/abs_templates/PAQS_absorber_000447.fits,2.0739838922745237,4,0
output/abs_templates/PAQS_absorber_000448.fits,2.808877350713183,7,2
output/abs_templates/PAQS_absorber_000449.fits,3.9451042737518662,17,4
output/abs_templates/PAQS_absorber_000450.fits,3.346688936742475,11,1
output/abs_templates/PAQS_absorber_000451.fits,2.807134788275647,9,1
output/abs_templates/PAQS_absorber_000452.fits,2.005217618360221,1,0
output/abs_templates/PAQS_absorber_000453.fits,2.2634569340372286,5,0
output/abs_templates/PAQS_absorber_000454.fits,3.06694746359398,13,3
output/abs_templates/PAQS_absorber_000455.fits,3.014237423365916,9,1
output/abs_templates/PAQS_absorber_000456.fits,2.076639855453414,2,0
output/abs_templates/PAQS_absorber_000457.fits,3.723225393752581,9,1
output/abs_templates/PAQS_absorber_000458.fits,2.040026214980027,1,0
output/abs_templates/PAQS_absorber_000459.fits,2.536386735361238,3,0
output/abs_templates/PAQS_absorber_000460.fits,3.8079277227364905,8,0
output/abs_templates/PAQS_absorber_000461.fits,3.811116568590263,7,0
output/abs_templates/PAQS_absorber_000462.fits,2.5601417879999584,7,2
output/abs_templates/PAQS_absorber_000463.fits,2.7867342214366726,6,0
output/abs_templates/PAQS_absorber_000464.fits,2.853588082465716,3,0
output/abs_templates/PAQS_absorber_000465.fits,2.2382527225004676,0,0
output/abs_templates/PAQS_absorber_000466.fits,2.7929224885273323,6,0
output/abs_templates/PAQS_absorber_000467.fits,2.920549228697184,3,0
output/abs_templates/PAQS_absorber_000468.fits,2.3097685037325766,3,0
output/abs_templates/PAQS_absorber_000469.fits,2.118867242076652,5,0
output/abs_templates/PAQS_absorber_000470.fits,3.1630078712949166,3,0
output/abs_templates/PAQS_absorber_000471.fits,2.8349371103365004,3,0
output/abs_templates/PAQS_absorber_000472.fits,3.2605601805392403,11,1
output/abs_templates/PAQS_absorber_000473.fits,2.4938031169647807,1,0
output/abs_templates/PAQS_absorber_000474.fits,3.2379958640025164,5,0
output/abs_templates/PAQS_absorber_000475.fits,2.549775225441977,4,0
output/abs_templates/PAQS_absorber_000476.fits,3.8770722753926417,10,0
output/abs_templates/PAQS_absorber_000477.fits,3.7996724488173834,9,0
output/abs_templates/PAQS_absorber_000478.fits,3.9090439969270374,13,1
output/abs_templates/PAQS_absorber_000479.fits,2.827032157067718,12,1
output/abs_templates/PAQS_absorber_000480.fits,2.4998817188356526,6,0
output/abs_templates/PAQS_absorber_000481.fits,2.9222063588999134,7,0
output/abs_templates/PAQS_absorber_000482.fits,3.533424737454092,10,0
output/abs_templates/PAQS_absorber_000483.fits,3.2655505882295337,3,1
output/abs_templates/PAQS_absorber_000484.fits,2.926279101692254,8,0
output/abs_templates/PAQS_absorber_000485.fits,3.52041773183107,14,2
output/abs_templates/PAQS_absorber_000486.fits,3.855963314017451,13,3
output/abs_templates/PAQS_absorber_000487.fits,2.3943095084976114,3,0
output/abs_templates/PAQS_absorber_000488.fits,3.953242500846698,13,1
output/abs_templates/PAQS_absorber_000489.fits,3.1692081025682155,10,0
output/abs_templates/PAQS_absorber_000490.fits,3.9644973051228343,16,3
output/abs_templates/PAQS_absorber_000491.fits,3.7514347993690627,13,0
output/abs_templates/PAQS_absorber_000492.fits,2.839941619419069,5,0
output/abs_templates/PAQS_absorber_000493.fits,3.265121257665564,5,1
output/abs_templates/PAQS_absorber_000494.fits,2.3616427239786586,2,0
output/abs_templates/PAQS_absorber_000495.fits,3.4485852893187716,11,2
output/abs_templates/PAQS_absorber_000496.fits,3.2765600895988545,9,0
output/abs_templates/PAQS_absorber_000497.fits,3.510452054363193,8,0
output/abs_templates/PAQS_absorber_000498.fits,3.405511805263317,5,1
output/abs_templates/PAQS_absorber_000499.fits,2.688345566339393,5,0
output/abs_templates/PAQS_absorber_000500.fits,2.4288493596329017,6,0
output/abs_templates/PAQS_absorber_000501.fits,3.397571199382561,8,0
output/abs_templates/PAQS_absorber_000502.fits,3.094248336785456,4,1
output/abs_templates/PAQS_absorber_000503.fits,3.803945212352295,8,0
output/abs_templates/PAQS_absorber_000504.fits,3.3309195086518653,6,0
output/abs_templates/PAQS_absorber_000505.fits,2.5393805892577106,3,0
output/abs_templates/PAQS_absorber_000506.fits,2.511168221452086,1,0
output/abs_templates/PAQS_absorber_000507.fits,2.7864851691288526,2,0
output/abs_templates/PAQS_absorber_000508.fits,3.751432622997817,9,0
output/abs_templates/PAQS_absorber_000509.fits,2.693719804820094,4,0
output/abs_templates/PAQS_absorber_000510.fits,2.965535615055332,5,0
output/abs_templates/PAQS_absorber_000511.fits,2.358719081590712,4,0
output/abs_templates/PAQS_absorber_000512.fits,2.474108854983103,3,0
output/abs_templates/PAQS_absorber_000513.fits,2.490954078671427,4,0
output/abs_templates/PAQS_absorber_000514.fits,3.7346516601241366,12,0
output/abs_templates/PAQS_absorber_000515.fits,3.987420549621257,19,0
output/abs_templates/PAQS_absorber_000516.fits,2.672563143940713,8,0
output/abs_templates/PAQS_absorber_000517.fits,3.1009571671207263,7,0
output/abs_templates/PAQS_absorber_000518.fits,2.8306463929874024,4,0
output/abs_templates/PAQS_absorber_000519.fits,3.2659566006929532,6,0
output/abs_templates/PAQS_absorber_000520.fits,3.1011454398009297,8,0
output/abs_templates/PAQS_absorber_000521.fits,2.201517587744541,9,0
output/abs_templates/PAQS_absorber_000522.fits,2.655792978715015,5,0
output/abs_templates/PAQS_absorber_000523.fits,3.2652799822086376,16,0
output/abs_templates/PAQS_absorber_000524.fits,3.278279042123137,6,1
output/abs_templates/PAQS_absorber_000525.fits,2.191564075678068,2,0
output/abs_templates/PAQS_absorber_000526.fits,3.411964556902249,8,0
output/abs_templates/PAQS_absorber_000527.fits,2.3793889660775194,3,0
output/abs_templates/PAQS_absorber_000528.fits,2.345553422505003,3,0
output/abs_templates/PAQS_absorber_000529.fits,3.627313198245112,13,1
output/abs_templates/PAQS_absorber_000530.fits,3.7179083213765303,13,0
output/abs_templates/PAQS_absorber_000531.fits,3.961602297906249,17,0
output/abs_templates/PAQS_absorber_000532.fits,3.7173157578791383,9,0
output/abs_templates/PAQS_absorber_000533.fits,2.4218212056869435,4,1
output/abs_templates/PAQS_absorber_000534.fits,3.8284380389145927,25,1
output/abs_templates/PAQS_absorber_000535.fits,3.833744556507758,12,2
output/abs_templates/PAQS_absorber_000536.fits,2.7313511094413316,7,0
output/abs_templates/PAQS_absorber_000537.fits,2.8947188166673734,5,0
output/abs_templates/PAQS_absorber_000538.fits,3.808187611078602,13,3
output/abs_templates/PAQS_absorber_000539.fits,3.445601785172152,10,1
output/abs_templates/PAQS_absorber_000540.fits,3.515421215643973,9,0
output/abs_templates/PAQS_absorber_000541.fits,3.3277759932622106,11,1
output/abs_templates/PAQS_absorber_000542.fits,3.8918766842885493,10,1
output/abs_templates/PAQS_absorber_000543.fits,2.2434554309285573,3,0
output/abs_templates/PAQS_absorber_000544.fits,2.703920867607285,7,0
output/abs_templates/PAQS_absorber_000545.fits,2.1601357002853594,4,0
output/abs_templates/PAQS_absorber_000546.fits,3.0065740906036655,7,1
output/abs_templates/PAQS_absorber_000547.fits,2.7738452270105625,10,1
output/abs_templates/PAQS_absorber_000548.fits,3.258005102743301,5,0
output/abs_templates/PAQS_absorber_000549.fits,2.238925419440774,4,0
output/abs_templates/PAQS_absorber_000550.fits,3.976573940918719,7,2
output/abs_templates/PAQS_absorber_000551.fits,2.2794801887039684,3,0
output/abs_templates/PAQS_absorber_000552.fits,3.3450302682021285,10,0
output/abs_templates/PAQS_absorber_000553.fits,3.1264419233510945,6,0
output/abs_templates/PAQS_absorber_000554.fits,3.1102509590031477,8,2
output/abs_templates/PAQS_absorber_000555.fits,3.6902028197790395,17,1
output/abs_templates/PAQS_absorber_000556.fits,3.9776619405348574,15,2
output/abs_templates/PAQS_absorber_000557.fits,2.646528431009794,8,0
output/abs_templates/PAQS_absorber_000558.fits,3.5387134860475657,8,1
output/abs_templates/PAQS_absorber_000559.fits,2.9043219074445537,11,1
output/abs_templates/PAQS_absorber_000560.fits,3.5685194734828443,9,0
output/abs_templates/PAQS_absorber_000561.fits,2.1807088821189504,2,0
output/abs_templates/PAQS_absorber_000562.fits,3.0489373183429613,4,0
output/abs_templates/PAQS_absorber_000563.fits,3.5911248127547153,11,0
output/abs_templates/PAQS_absorber_000564.fits,3.6166665941637115,13,0
output/abs_templates/PAQS_absorber_000565.fits,3.9148779470843333,13,3
output/abs_templates/PAQS_absorber_000566.fits,3.461241340492305,6,0
output/abs_templates/PAQS_absorber_000567.fits,2.0194338846962196,1,0
output/abs_templates/PAQS_absorber_000568.fits,3.4789215756761536,10,0
output/abs_templates/PAQS_absorber_000569.fits,2.502165017902813,3,1
output/abs_templates/PAQS_absorber_000570.fits,3.1295814536384032,12,1
output/abs_templates/PAQS_absorber_000571.fits,3.7844064238846413,9,0
output/abs_templates/PAQS_absorber_000572.fits,2.4174130087513257,5,0
output/abs_templates/PAQS_absorber_000573.fits,3.4632372361351473,9,1
output/abs_templates/PAQS_absorber_000574.fits,2.3034333872793855,3,0
output/abs_templates/PAQS_absorber_000575.fits,2.026154150548113,3,0
output/abs_templates/PAQS_absorber_000576.fits,2.117154847868738,4,0
output/abs_templates/PAQS_absorber_000577.fits,2.9143698731929586,8,1
output/abs_templates/PAQS_absorber_000578.fits,2.5905788261908684,5,1
output/abs_templates/PAQS_absorber_000579.fits,3.4186883087125217,9,2
output/abs_templates/PAQS_absorber_000580.fits,2.0529802296209203,5,0
output/abs_templates/PAQS_absorber_000581.fits,2.0994634395622516,0,0
output/abs_templates/PAQS_absorber_000582.fits,2.0597860514149744,1,0
output/abs_templates/PAQS_absorber_000583.fits,3.848819747376295,12,0
output/abs_templates/PAQS_absorber_000584.fits,2.8859173450531914,5,1
output/abs_templates/PAQS_absorber_000585.fits,2.9015811411613375,6,1
output/abs_templates/PAQS_absorber_000586.fits,2.712865875019242,3,0
output/abs_templates/PAQS_absorber_000587.fits,2.3006779470474323,5,0
output/abs_templates/PAQS_absorber_000588.fits,2.039625858551526,4,0
output/abs_templates/PAQS_absorber_000589.fits,3.082109969518416,4,0
output/abs_templates/PAQS_absorber_000590.fits,3.8518057245364314,12,3
output/abs_templates/PAQS_absorber_000591.fits,3.407596174149959,12,3
output/abs_templates/PAQS_absorber_000592.fits,2.60760378472951,4,1
output/abs_templates/PAQS_absorber_000593.fits,3.3771713131672927,9,0
output/abs_templates/PAQS_absorber_000594.fits,2.407636071057434,2,0
output/abs_templates/PAQS_absorber_000595.fits,3.3303157933124563,13,0
output/abs_templates/PAQS_absorber_000596.fits,2.053165155716963,2,0
output/abs_templates/PAQS_absorber_000597.fits,2.8737844355661393,6,0
output/abs_templates/PAQS_absorber_000598.fits,2.225437909734624,2,0
output/abs_templates/PAQS_absorber_000599.fits,2.8765227103787456,6,0
output/abs_templates/PAQS_absorber_000600.fits,2.8805059618777156,6,0
output/abs_templates/PAQS_absorber_000601.fits,2.073195726197685,7,0
output/abs_templates/PAQS_absorber_000602.fits,2.279577319570593,2,0
output/abs_templates/PAQS_absorber_000603.fits,2.483315811048419,2,0
output/abs_templates/PAQS_absorber_000604.fits,3.775514791757823,14,2
output/abs_templates/PAQS_absorber_000605.fits,2.0369194100823784,7,0
output/abs_templates/PAQS_absorber_000606.fits,2.8230846803382916,8,1
output/abs_templates/PAQS_absorber_000607.fits,3.8819941694809277,19,3
output/abs_templates/PAQS_absorber_000608.fits,2.1971780958455738,4,0
output/abs_templates/PAQS_absorber_000609.fits,3.8639962335133786,10,0
output/abs_templates/PAQS_absorber_000610.fits,3.995845445133501,16,3
output/abs_templates/PAQS_absorber_000611.fits,2.8488916651490994,4,0
output/abs_templates/PAQS_absorber_000612.fits,3.9932026117480355,15,1
output/abs_templates/PAQS_absorber_000613.fits,3.380560889351025,14,0
output/abs_templates/PAQS_absorber_000614.fits,3.6346876690836227,16,0
output/abs_templates/PAQS_absorber_000615.fits,2.3341866917364626,3,0
output/abs_templates/PAQS_absorber_000616.fits,2.3142918055584887,4,1
output/abs_templates/PAQS_absorber_000617.fits,3.731158745670233,15,1
output/abs_templates/PAQS_absorber_000618.fits,2.066119587848022,2,0
output/abs_templates/PAQS_absorber_000619.fits,3.8465682307580424,7,0
output/abs_templates/PAQS_absorber_000620.fits,3.9608890624187447,15,2
output/abs_templates/PAQS_absorber_000621.fits,3.9090480286251346,13,0
output/abs_templates/PAQS_absorber_000622.fits,3.522296905681347,4,0
output/abs_templates/PAQS_absorber_000623.fits,3.1890205311536755,10,0
output/abs_templates/PAQS_absorber_000624.fits,2.0183007567403384,5,0
output/abs_templates/PAQS_absorber_000625.fits,2.75787335005042,3,0
output/abs_templates/PAQS_absorber_000626.fits,3.9823544612569273,10,3
output/abs_templates/PAQS_absorber_000627.fits,2.8936433830933845,8,0
output/abs_templates/PAQS_absorber_000628.fits,2.2215952127684337,5,1
output/abs_templates/PAQS_absorber_000629.fits,2.284331732376539,4,0
output/abs_templates/PAQS_absorber_000630.fits,2.4316726012030956,7,0
output/abs_templates/PAQS_absorber_000631.fits,2.2264546894817085,6,1
output/abs_templates/PAQS_absorber_000632.fits,3.773576780234787,16,2
output/abs_templates/PAQS_absorber_000633.fits,2.770029542741579,3,0
output/abs_templates/PAQS_absorber_000634.fits,3.9204101964988314,9,1
output/abs_templates/PAQS_absorber_000635.fits,3.845448841121531,11,0
output/abs_templates/PAQS_absorber_000636.fits,2.593477890929507,7,1
output/abs_templates/PAQS_absorber_000637.fits,2.547122997100776,4,1
output/abs_templates/PAQS_absorber_000638.fits,2.957028396512204,2,0
output/abs_templates/PAQS_absorber_000639.fits,2.5133095719611838,2,0
output/abs_templates/PAQS_absorber_000640.fits,3.3812917648043115,7,0
output/abs_templates/PAQS_absorber_000641.fits,3.831244479335588,15,1
output/abs_templates/PAQS_absorber_000642.fits,3.8094503103369677,17,1
output/abs_templates/PAQS_absorber_000643.fits,3.483721923089499,11,0
output/abs_templates/PAQS_absorber_000644.fits,3.1243287339458474,7,0
output/abs_templates/PAQS_absorber_000645.fits,3.935272540704423,18,2
output/abs_templates/PAQS_absorber_000646.fits,2.126742437311579,2,0
output/abs_templates/PAQS_absorber_000647.fits,3.83981656635859,12,2
output/abs_templates/PAQS_absorber_000648.fits,3.648522654815583,12,2
output/abs_templates/PAQS_absorber_000649.fits,2.7705776208266872,7,1
output/abs_templates/PAQS_absorber_000650.fits,3.693643042589108,11,3
output/abs_templates/PAQS_absorber_000651.fits,3.601450479361685,10,0
output/abs_templates/PAQS_absorber_000652.fits,2.3583658032513792,2,0
output/abs_templates/PAQS_absorber_000653.fits,3.408974040095301,18,4
output/abs_templates/PAQS_absorber_000654.fits,2.7476052277260035,6,1
output/abs_templates/PAQS_absorber_000655.fits,2.3545230963549972,2,0
output/abs_templates/PAQS_absorber_000656.fits,3.315515660303782,6,1
output/abs_templates/PAQS_absorber_000657.fits,3.4374205490401883,9,0
output/abs_templates/PAQS_absorber_000658.fits,2.3924504622225355,3,0
output/abs_templates/PAQS_absorber_000659.fits,3.5201655151763163,9,0
output/abs_templates/PAQS_absorber_000660.fits,3.6416932724365356,10,0
output/abs_templates/PAQS_absorber_000661.fits,2.3201380941491285,2,0
output/abs_templates/PAQS_absorber_000662.fits,3.140359551562444,7,0
output/abs_templates/PAQS_absorber_000663.fits,3.497934545989005,8,1
output/abs_templates/PAQS_absorber_000664.fits,3.7251213373951124,12,1
output/abs_templates/PAQS_absorber_000665.fits,3.6268762165745327,10,1
output/abs_templates/PAQS_absorber_000666.fits,3.046759690437126,5,0
output/abs_templates/PAQS_absorber_000667.fits,2.1254448294253727,3,0
output/abs_templates/PAQS_absorber_000668.fits,2.124379933864869,3,0
output/abs_templates/PAQS_absorber_000669.fits,2.934836389746635,3,0
output/abs_templates/PAQS_absorber_000670.fits,3.1781056081705596,5,0
output/abs_templates/PAQS_absorber_000671.fits,2.1742814370544616,1,0
output/abs_templates/PAQS_absorber_000672.fits,2.616076558897203,9,1
output/abs_templates/PAQS_absorber_000673.fits,2.8431957965285397,8,1
output/abs_templates/PAQS_absorber_000674.fits,3.517031194532124,10,0
output/abs_templates/PAQS_absorber_000675.fits,3.6644594977958405,8,1
output/abs_templates/PAQS_absorber_000676.fits,2.9497347079791627,5,1
output/abs_templates/PAQS_absorber_000677.fits,2.1677925318530162,0,0
output/abs_templates/PAQS_absorber_000678.fits,3.1494801312634184,1,0
output/abs_templates/PAQS_absorber_000679.fits,2.1322532198856305,6,0
output/abs_templates/PAQS_absorber_000680.fits,2.9720498409218377,7,1
output/abs_templates/PAQS_absorber_000681.fits,3.0043860878764237,3,0
output/abs_templates/PAQS_absorber_000682.fits,3.3338961457597662,14,2
output/abs_templates/PAQS_absorber_000683.fits,2.8370559338409906,6,1
output/abs_templates/PAQS_absorber_000684.fits,3.9785001599000864,18,1
output/abs_templates/PAQS_absorber_000685.fits,3.7783716993012657,7,0
output/abs_templates/PAQS_absorber_000686.fits,3.58525394207394,9,2
output/abs_templates/PAQS_absorber_000687.fits,2.309919276676435,4,0
output/abs_templates/PAQS_absorber_000688.fits,2.25179961556256,6,1
output/abs_templates/PAQS_absorber_000689.fits,3.9771940712887455,15,2
output/abs_templates/PAQS_absorber_000690.fits,2.634533137872887,2,0
output/abs_templates/PAQS_absorber_000691.fits,2.89370208040739,8,0
output/abs_templates/PAQS_absorber_000692.fits,2.558879139416149,2,0
output/abs_templates/PAQS_absorber_000693.fits,3.049320531606677,8,0
output/abs_templates/PAQS_absorber_000694.fits,3.690838518436644,13,1
output/abs_templates/PAQS_absorber_000695.fits,2.06861788415278,2,0
output/abs_templates/PAQS_absorber_000696.fits,3.136041992921254,7,1
output/abs_templates/PAQS_absorber_000697.fits,2.6659126813196776,2,0
output/abs_templates/PAQS_absorber_000698.fits,3.152776047325912,12,1
output/abs_templates/PAQS_absorber_000699.fits,2.3001522679097794,4,0
output/abs_templates/PAQS_absorber_000700.fits,3.6427405833341027,21,3
output/abs_templates/PAQS_absorber_000701.fits,2.8220924028886776,7,0
output/abs_templates/PAQS_absorber_000702.fits,3.1330977686383417,11,1
output/abs_templates/PAQS_absorber_000703.fits,3.13217768267576,5,0
output/abs_templates/PAQS_absorber_000704.fits,3.420677738901611,13,1
output/abs_templates/PAQS_absorber_000705.fits,2.316614928141143,4,0
output/abs_templates/PAQS_absorber_000706.fits,3.982046850506217,9,0
output/abs_templates/PAQS_absorber_000707.fits,2.187680975198661,4,0
output/abs_templates/PAQS_absorber_000708.fits,3.3300925265196777,5,1
output/abs_templates/PAQS_absorber_000709.fits,2.521062048462656,5,0
output/abs_templates/PAQS_absorber_000710.fits,2.8893640332892745,5,1
output/abs_templates/PAQS_absorber_000711.fits,3.5844754800785354,21,1
output/abs_templates/PAQS_absorber_000712.fits,3.9570657235973563,9,0
output/abs_templates/PAQS_absorber_000713.fits,3.027748686401217,5,0
output/abs_templates/PAQS_absorber_000714.fits,2.231367013953219,0,0
output/abs_templates/PAQS_absorber_000715.fits,3.408657937744406,7,0
output/abs_templates/PAQS_absorber_000716.fits,2.8637878515833814,9,1
output/abs_templates/PAQS_absorber_000717.fits,2.6458571975817184,3,2
output/abs_templates/PAQS_absorber_000718.fits,2.338159373544997,5,0
output/abs_templates/PAQS_absorber_000719.fits,3.0028945983336333,9,0
output/abs_templates/PAQS_absorber_000720.fits,3.6921494071233125,12,2
output/abs_templates/PAQS_absorber_000721.fits,2.1405827176053265,2,0
output/abs_templates/PAQS_absorber_000722.fits,3.7410421823516993,16,2
output/abs_templates/PAQS_absorber_000723.fits,2.7348913413807585,4,0
output/abs_templates/PAQS_absorber_000724.fits,2.535182868965132,3,0
output/abs_templates/PAQS_absorber_000725.fits,2.9391437357424914,7,1
output/abs_templates/PAQS_absorber_000726.fits,3.1583452582085716,10,1
output/abs_templates/PAQS_absorber_000727.fits,3.3962286241894315,12,1
output/abs_templates/PAQS_absorber_000728.fits,3.736080061952641,12,3
output/abs_templates/PAQS_absorber_000729.fits,2.1802173268110465,5,0
output/abs_templates/PAQS_absorber_000730.fits,2.162583573700494,1,0
output/abs_templates/PAQS_absorber_000731.fits,3.286141220375986,9,2
output/abs_templates/PAQS_absorber_000732.fits,3.217632101087133,10,1
output/abs_templates/PAQS_absorber_000733.fits,2.0389280171950075,4,0
output/abs_templates/PAQS_absorber_000734.fits,3.8525423773204572,10,1
output/abs_templates/PAQS_absorber_000735.fits,3.060615164383136,12,1
output/abs_templates/PAQS_absorber_000736.fits,3.524952916177696,12,1
output/abs_templates/PAQS_absorber_000737.fits,2.939486743565475,7,0
output/abs_templates/PAQS_absorber_000738.fits,2.2644225703000083,5,0
output/abs_templates/PAQS_absorber_000739.fits,2.238848478303819,1,0
output/abs_templates/PAQS_absorber_000740.fits,2.4330512832780045,3,0
output/abs_templates/PAQS_absorber_000741.fits,2.802542298401045,7,0
output/abs_templates/PAQS_absorber_000742.fits,3.9361450430297147,15,2
output/abs_templates/PAQS_absorber_000743.fits,2.9281250529027476,6,0
output/abs_templates/PAQS_absorber_000744.fits,3.0211293689676215,5,0
output/abs_templates/PAQS_absorber_000745.fits,2.666956101255872,7,1
output/abs_templates/PAQS_absorber_000746.fits,2.2248410027773318,1,0
output/abs_templates/PAQS_absorber_000747.fits,3.904162976883957,14,0
output/abs_templates/PAQS_absorber_000748.fits,3.2975175059235013,15,2
output/abs_templates/PAQS_absorber_000749.fits,3.520457757435229,14,3
output/abs_templates/PAQS_absorber_000750.fits,3.1596222416056596,6,0
output/abs_templates/PAQS_absorber_000751.fits,2.5493625212785638,5,1
output/abs_templates/PAQS_absorber_000752.fits,3.5759225321918207,10,1
output/abs_templates/PAQS_absorber_000753.fits,3.863103720278491,12,0
output/abs_templates/PAQS_absorber_000754.fits,3.5081385590466585,13,3
output/abs_templates/PAQS_absorber_000755.fits,3.227569332967663,16,3
output/abs_templates/PAQS_absorber_000756.fits,3.294537390925065,11,0
output/abs_templates/PAQS_absorber_000757.fits,3.611102778712289,11,2
output/abs_templates/PAQS_absorber_000758.fits,3.4217343891760734,13,1
output/abs_templates/PAQS_absorber_000759.fits,2.818494985784471,6,0
output/abs_templates/PAQS_absorber_000760.fits,3.7215562080597935,11,2
output/abs_templates/PAQS_absorber_000761.fits,3.067981487364706,6,0
output/abs_templates/PAQS_absorber_000762.fits,3.168275056621164,8,0
output/abs_templates/PAQS_absorber_000763.fits,2.8753648276808295,12,0
output/abs_templates/PAQS_absorber_000764.fits,3.899204658906629,4,1
output/abs_templates/PAQS_absorber_000765.fits,3.8299315285657856,18,1
output/abs_templates/PAQS_absorber_000766.fits,2.3319338990457,4,0
output/abs_templates/PAQS_absorber_000767.fits,3.489963499607606,9,0
output/abs_templates/PAQS_absorber_000768.fits,3.696286691848434,15,2
output/abs_templates/PAQS_absorber_000769.fits,2.6059502661965803,7,1
output/abs_templates/PAQS_absorber_000770.fits,2.852886075617118,4,0
output/abs_templates/PAQS_absorber_000771.fits,2.6779491634878703,4,0
output/abs_templates/PAQS_absorber_000772.fits,3.8127551902884846,11,3
output/abs_templates/PAQS_absorber_000773.fits,2.7986728991528476,2,0
output/abs_templates/PAQS_absorber_000774.fits,3.343306402412238,8,0
output/abs_templates/PAQS_absorber_000775.fits,2.7619307271353875,7,0
output/abs_templates/PAQS_absorber_000776.fits,3.939881808873329,15,0
output/abs_templates/PAQS_absorber_000777.fits,2.896231678139925,6,1
output/abs_templates/PAQS_absorber_000778.fits,3.460850764097453,6,0
output/abs_templates/PAQS_absorber_000779.fits,2.9909705017749593,2,0
output/abs_templates/PAQS_absorber_000780.fits,2.4112631567871956,1,0
output/abs_templates/PAQS_absorber_000781.fits,3.0331713142820362,8,2
output/abs_templates/PAQS_absorber_000782.fits,2.767837181087277,5,0
output/abs_templates/PAQS_absorber_000783.fits,3.3065992489863447,13,0
output/abs_templates/PAQS_absorber_000784.fits,3.1776309081439766,5,0
output/abs_templates/PAQS_absorber_000785.fits,3.8401136306612704,8,0
output/abs_templates/PAQS_absorber_000786.fits,3.7937062599830935,9,0
output/abs_templates/PAQS_absorber_000787.fits,3.8691765698230114,15,2
output/abs_templates/PAQS_absorber_000788.fits,3.547350547238118,15,3
output/abs_templates/PAQS_absorber_000789.fits,2.608443870421026,9,0
output/abs_templates/PAQS_absorber_000790.fits,2.302580872707747,3,1
output/abs_templates/PAQS_absorber_000791.fits,3.628147786776654,11,1
output/abs_templates/PAQS_absorber_000792.fits,2.463246736841742,6,0
output/abs_templates/PAQS_absorber_000793.fits,2.340051627253229,3,0
output/abs_templates/PAQS_absorber_000794.fits,3.749625079110328,13,0
output/abs_templates/PAQS_absorber_000795.fits,3.503707043903372,11,1
output/abs_templates/PAQS_absorber_000796.fits,2.1671197913292524,2,0
output/abs_templates/PAQS_absorber_000797.fits,3.4380740941867214,14,0
output/abs_templates/PAQS_absorber_000798.fits,2.365416004754363,7,0
output/abs_templates/PAQS_absorber_000799.fits,3.7308852667828987,11,1
output/abs_templates/PAQS_absorber_000800.fits,3.278963945605872,8,0
output/abs_templates/PAQS_absorber_000801.fits,2.4058880159243072,4,1
output/abs_templates/PAQS_absorber_000802.fits,2.9264585670881256,3,0
output/abs_templates/PAQS_absorber_000803.fits,2.0569814246937153,2,0
output/abs_templates/PAQS_absorber_000804.fits,3.4372750091637774,17,1
output/abs_templates/PAQS_absorber_000805.fits,2.9839628227221873,12,2
output/abs_templates/PAQS_absorber_000806.fits,2.0653399491840276,3,0
output/abs_templates/PAQS_absorber_000807.fits,2.8523982929840384,9,1
output/abs_templates/PAQS_absorber_000808.fits,2.6916428005043653,5,0
output/abs_templates/PAQS_absorber_000809.fits,2.933029518811409,11,2
output/abs_templates/PAQS_absorber_000810.fits,2.4139820066254445,4,0
output/abs_templates/PAQS_absorber_000811.fits,3.882585349516278,14,2
output/abs_templates/PAQS_absorber_000812.fits,3.752436765901921,16,0
output/abs_templates/PAQS_absorber_000813.fits,3.4488341679891663,11,0
output/abs_templates/PAQS_absorber_000814.fits,2.1050623379483957,2,0
output/abs_templates/PAQS_absorber_000815.fits,2.6218627537092307,4,0
output/abs_templates/PAQS_absorber_000816.fits,3.0998441696812042,8,2
output/abs_templates/PAQS_absorber_000817.fits,3.725773404244891,9,1
output/abs_templates/PAQS_absorber_000818.fits,2.9554805119164125,1,0
output/abs_templates/PAQS_absorber_000819.fits,2.085652730043562,3,0
output/abs_templates/PAQS_absorber_000820.fits,2.3915336131723306,2,0
output/abs_templates/PAQS_absorber_000821.fits,2.386459675144693,1,0
output/abs_templates/PAQS_absorber_000822.fits,2.401025875024003,4,0
output/abs_templates/PAQS_absorber_000823.fits,3.8146456720793855,13,2
output/abs_templates/PAQS_absorber_000824.fits,3.500879084849229,10,0
output/abs_templates/PAQS_absorber_000825.fits,3.7782622282416396,13,0
output/abs_templates/PAQS_absorber_000826.fits,2.583050537948628,6,0
output/abs_templates/PAQS_absorber_000827.fits,3.1338620123654843,9,2
output/abs_templates/PAQS_absorber_000828.fits,2.3993341698054387,3,0
output/abs_templates/PAQS_absorber_000829.fits,2.217365249991638,2,0
output/abs_templates/PAQS_absorber_000830.fits,2.978398982762361,8,0
output/abs_templates/PAQS_absorber_000831.fits,2.8138401572209237,6,1
output/abs_templates/PAQS_absorber_000832.fits,2.703067258375862,4,0
output/abs_templates/PAQS_absorber_000833.fits,2.721547566809709,6,0
output/abs_templates/PAQS_absorber_000834.fits,3.0795364770186344,10,0
output/abs_templates/PAQS_absorber_000835.fits,2.7474667515736435,4,0
output/abs_templates/PAQS_absorber_000836.fits,3.770775458200889,9,0
output/abs_templates/PAQS_absorber_000837.fits,2.080397278150336,3,0
output/abs_templates/PAQS_absorber_000838.fits,2.539558967945309,2,1
output/abs_templates/PAQS_absorber_000839.fits,3.7494595554201924,13,0
output/abs_templates/PAQS_absorber_000840.fits,2.93825339866534,7,0
output/abs_templates/PAQS_absorber_000841.fits,3.749734684866446,7,0
output/abs_templates/PAQS_absorber_000842.fits,2.8408758934052694,7,1
output/abs_templates/PAQS_absorber_000843.fits,2.903164519721508,10,0
output/abs_templates/PAQS_absorber_000844.fits,2.2822649829866055,1,0
output/abs_templates/PAQS_absorber_000845.fits,2.5739772411389144,4,0
output/abs_templates/PAQS_absorber_000846.fits,3.9105853561391983,14,4
output/abs_templates/PAQS_absorber_000847.fits,2.9691531910301965,6,0
output/abs_templates/PAQS_absorber_000848.fits,2.6419924007463287,8,2
output/abs_templates/PAQS_absorber_000849.fits,3.3775795138807947,9,1
output/abs_templates/PAQS_absorber_000850.fits,2.5795928938163373,1,0
output/abs_templates/PAQS_absorber_000851.fits,3.1659567328763787,4,0
output/abs_templates/PAQS_absorber_000852.fits,3.665548180537106,12,0
output/abs_templates/PAQS_absorber_000853.fits,3.5635310906023316,9,1
output/abs_templates/PAQS_absorber_000854.fits,2.064561613978001,4,0
output/abs_templates/PAQS_absorber_000855.fits,2.153633617400043,2,0
output/abs_templates/PAQS_absorber_000856.fits,3.228542537886293,5,0
output/abs_templates/PAQS_absorber_000857.fits,2.2794748793268442,4,0
output/abs_templates/PAQS_absorber_000858.fits,2.7365825271484274,8,0
output/abs_templates/PAQS_absorber_000859.fits,3.290758482060686,2,0
output/abs_templates/PAQS_absorber_000860.fits,2.985380273393682,9,0
output/abs_templates/PAQS_absorber_000861.fits,2.4849493082226406,5,0
output/abs_templates/PAQS_absorber_000862.fits,3.6431920950112664,12,0
output/abs_templates/PAQS_absorber_000863.fits,3.1340173629429655,13,1
output/abs_templates/PAQS_absorber_000864.fits,2.3491897355391784,4,0
output/abs_templates/PAQS_absorber_000865.fits,2.797738976540347,5,0
output/abs_templates/PAQS_absorber_000866.fits,3.9684299896927264,18,1
output/abs_templates/PAQS_absorber_000867.fits,2.299378082543604,2,0
output/abs_templates/PAQS_absorber_000868.fits,3.4344972721912828,13,1
output/abs_templates/PAQS_absorber_000869.fits,2.0026354520051464,4,0
output/abs_templates/PAQS_absorber_000870.fits,3.2148111451761636,10,1
output/abs_templates/PAQS_absorber_000871.fits,2.3981700668992416,0,0
output/abs_templates/PAQS_absorber_000872.fits,3.4010573214058724,14,1
output/abs_templates/PAQS_absorber_000873.fits,2.835302592243153,5,1
output/abs_templates/PAQS_absorber_000874.fits,2.8188804252212103,5,1
output/abs_templates/PAQS_absorber_000875.fits,2.5093704193663786,5,0
output/abs_templates/PAQS_absorber_000876.fits,2.180204388854044,1,0
output/abs_templates/PAQS_absorber_000877.fits,3.8040438740715494,17,3
output/abs_templates/PAQS_absorber_000878.fits,3.485627403588476,7,0
output/abs_templates/PAQS_absorber_000879.fits,2.920220806823507,8,0
output/abs_templates/PAQS_absorber_000880.fits,2.7955196945806637,7,0
output/abs_templates/PAQS_absorber_000881.fits,3.997491476464547,14,2
output/abs_templates/PAQS_absorber_000882.fits,3.9790996741051403,14,0
output/abs_templates/PAQS_absorber_000883.fits,3.168392701014885,7,0
output/abs_templates/PAQS_absorber_000884.fits,3.2439461376579506,9,0
output/abs_templates/PAQS_absorber_000885.fits,3.9562377139146117,20,1
output/abs_templates/PAQS_absorber_000886.fits,3.7437995629032796,8,1
output/abs_templates/PAQS_absorber_000887.fits,3.18280945966276,5,1
output/abs_templates/PAQS_absorber_000888.fits,2.529365942002973,8,0
output/abs_templates/PAQS_absorber_000889.fits,2.6621745852994017,7,0
output/abs_templates/PAQS_absorber_000890.fits,2.147108870852659,4,0
output/abs_templates/PAQS_absorber_000891.fits,3.0883774784289635,6,0
output/abs_templates/PAQS_absorber_000892.fits,2.5139929381069885,3,0
output/abs_templates/PAQS_absorber_000893.fits,2.514062978762017,4,0
output/abs_templates/PAQS_absorber_000894.fits,3.0497070577369656,5,0
output/abs_templates/PAQS_absorber_000895.fits,2.414267474337299,1,0
output/abs_templates/PAQS_absorber_000896.fits,2.4299336702547403,5,0
output/abs_templates/PAQS_absorber_000897.fits,2.9190100414857865,4,0
output/abs_templates/PAQS_absorber_000898.fits,2.7789712503251174,7,0
output/abs_templates/PAQS_absorber_000899.fits,3.887319042328519,14,1
output/abs_templates/PAQS_absorber_000900.fits,3.4757672626445855,13,3
output/abs_templates/PAQS_absorber_000901.fits,3.049131885415594,10,2
output/abs_templates/PAQS_absorber_000902.fits,3.65770728017905,7,1
output/abs_templates/PAQS_absorber_000903.fits,2.7949287015428874,6,1
output/abs_templates/PAQS_absorber_000904.fits,2.025794877439081,2,0
output/abs_templates/PAQS_absorber_000905.fits,2.373544894539872,3,1
output/abs_templates/PAQS_absorber_000906.fits,3.7344281350961914,17,1
output/abs_templates/PAQS_absorber_000907.fits,2.717243950339557,4,0
output/abs_templates/PAQS_absorber_000908.fits,3.3810173392663874,9,1
output/abs_templates/PAQS_absorber_000909.fits,3.3621634980413475,9,0
output/abs_templates/PAQS_absorber_000910.fits,2.5153000978847118,5,0
output/abs_templates/PAQS_absorber_000911.fits,3.952134592664069,8,0
output/abs_templates/PAQS_absorber_000912.fits,2.7521643873764248,6,0
output/abs_templates/PAQS_absorber_000913.fits,2.4652971976823546,0,0
output/abs_templates/PAQS_absorber_000914.fits,3.8697322627979425,15,0
output/abs_templates/PAQS_absorber_000915.fits,3.219172618539109,10,0
output/abs_templates/PAQS_absorber_000916.fits,3.636222832366295,5,0
output/abs_templates/PAQS_absorber_000917.fits,3.1820782365256974,7,0
output/abs_templates/PAQS_absorber_000918.fits,2.6401673144929667,5,0
output/abs_templates/PAQS_absorber_000919.fits,2.4875817224189527,4,0
output/abs_templates/PAQS_absorber_000920.fits,2.014689280668363,3,0
output/abs_templates/PAQS_absorber_000921.fits,3.878125353772971,13,1
output/abs_templates/PAQS_absorber_000922.fits,2.8055073870133125,3,0
output/abs_templates/PAQS_absorber_000923.fits,3.5200642723964215,8,0
output/abs_templates/PAQS_absorber_000924.fits,2.926675433958649,12,0
output/abs_templates/PAQS_absorber_000925.fits,3.046593087609758,10,1
output/abs_templates/PAQS_absorber_000926.fits,2.16827182475103,8,0
output/abs_templates/PAQS_absorber_000927.fits,3.68451384758876,16,1
output/abs_templates/PAQS_absorber_000928.fits,2.532993953639294,7,1
output/abs_templates/PAQS_absorber_000929.fits,3.5778779193132406,12,0
output/abs_templates/PAQS_absorber_000930.fits,3.599071016916496,5,0
output/abs_templates/PAQS_absorber_000931.fits,3.9594505746498423,12,1
output/abs_templates/PAQS_absorber_000932.fits,3.573643534578757,12,1
output/abs_templates/PAQS_absorber_000933.fits,3.29792298498084,8,0
output/abs_templates/PAQS_absorber_000934.fits,3.7118461985296296,16,0
output/abs_templates/PAQS_absorber_000935.fits,3.8070787489888,12,2
output/abs_templates/PAQS_absorber_000936.fits,3.3859219402626284,6,1
output/abs_templates/PAQS_absorber_000937.fits,2.161784473600335,1,0
output/abs_templates/PAQS_absorber_000938.fits,3.2956226247730123,7,1
output/abs_templates/PAQS_absorber_000939.fits,2.255347286498572,9,0
output/abs_templates/PAQS_absorber_000940.fits,3.8643810006608437,17,1
output/abs_templates/PAQS_absorber_000941.fits,2.6528230603460936,2,0
output/abs_templates/PAQS_absorber_000942.fits,3.1063368650662717,8,0
output/abs_templates/PAQS_absorber_000943.fits,3.2492709707254592,14,0
output/abs_templates/PAQS_absorber_000944.fits,2.904550315443503,7,0
output/abs_templates/PAQS_absorber_000945.fits,2.3293097188942817,3,0
output/abs_templates/PAQS_absorber_000946.fits,2.7371206568220456,9,0
output/abs_templates/PAQS_absorber_000947.fits,3.634821045659802,7,0
output/abs_templates/PAQS_absorber_000948.fits,3.100726813820444,9,0
output/abs_templates/PAQS_absorber_000949.fits,3.353982489618392,6,0
output/abs_templates/PAQS_absorber_000950.fits,3.4868745724653487,14,1
output/abs_templates/PAQS_absorber_000951.fits,3.1511138317384626,9,1
output/abs_templates/PAQS_absorber_000952.fits,2.380546524022381,7,0
output/abs_templates/PAQS_absorber_000953.fits,3.509694306727912,13,0
output/abs_templates/PAQS_absorber_000954.fits,3.7429132048332336,11,2
output/abs_templates/PAQS_absorber_000955.fits,2.4196333377138206,1,0
output/abs_templates/PAQS_absorber_000956.fits,2.7443450106277134,12,0
output/abs_templates/PAQS_absorber_000957.fits,3.468751959346033,11,1
output/abs_templates/PAQS_absorber_000958.fits,3.9804439544587265,13,0
output/abs_templates/PAQS_absorber_000959.fits,3.081551355355341,6,0
output/abs_templates/PAQS_absorber_000960.fits,2.6293832583915764,5,0
output/abs_templates/PAQS_absorber_000961.fits,2.887957073949572,8,0
output/abs_templates/PAQS_absorber_000962.fits,3.6060518890674658,11,1
output/abs_templates/PAQS_absorber_000963.fits,2.304343633249821,4,0
output/abs_templates/PAQS_absorber_000964.fits,3.710341162755128,12,1
output/abs_templates/PAQS_absorber_000965.fits,2.309700703635001,1,0
output/abs_templates/PAQS_absorber_000966.fits,2.370093950045739,4,1
output/abs_templates/PAQS_absorber_000967.fits,3.6207892517281,10,1
output/abs_templates/PAQS_absorber_000968.fits,3.5148856450978543,8,1
output/abs_templates/PAQS_absorber_000969.fits,2.0649925748049456,1,0
output/abs_templates/PAQS_absorber_000970.fits,3.554207442205035,8,0
output/abs_templates/PAQS_absorber_000971.fits,2.0940051897337932,3,0
output/abs_templates/PAQS_absorber_000972.fits,2.6967818314975887,4,1
output/abs_templates/PAQS_absorber_000973.fits,3.338565876314537,12,0
output/abs_templates/PAQS_absorber_000974.fits,2.774292013711329,7,0
output/abs_templates/PAQS_absorber_000975.fits,2.1288459599730265,3,0
output/abs_templates/PAQS_absorber_000976.fits,3.2914562591522136,6,0
output/abs_templates/PAQS_absorber_000977.fits,3.0548073873149635,10,0
output/abs_templates/PAQS_absorber_000978.fits,3.467601783733329,9,2
output/abs_templates/PAQS_absorber_000979.fits,3.9245982029174655,15,4
output/abs_templates/PAQS_absorber_000980.fits,2.3065764186035356,3,0
output/abs_templates/PAQS_absorber_000981.fits,3.2729812618413487,8,0
output/abs_templates/PAQS_absorber_000982.fits,2.9547792311654284,5,0
output/abs_templates/PAQS_absorber_000983.fits,3.1309097779709947,15,2
output/abs_templates/PAQS_absorber_000984.fits,2.6698868353160763,8,0
output/abs_templates/PAQS_absorber_000985.fits,2.5182530797546994,3,0
output/abs_templates/PAQS_absorber_000986.fits,2.510736220975363,7,1
output/abs_templates/PAQS_absorber_000987.fits,2.964391026290876,13,2
output/abs_templates/PAQS_absorber_000988.fits,3.668038744110839,10,0
output/abs_templates/PAQS_absorber_000989.fits,3.258407529250926,9,2
output/abs_templates/PAQS_absorber_000990.fits,3.9835735672497368,8,1
output/abs_templates/PAQS_absorber_000991.fits,3.53091124212851,12,1
output/abs_templates/PAQS_absorber_000992.fits,2.2415652598564346,5,0
output/abs_templates/PAQS_absorber_000993.fits,3.91499733802892,12,0
output/abs_templates/PAQS_absorber_000994.fits,3.8269631922527063,15,2
output/abs_templates/PAQS_absorber_000995.fits,3.1983513465145696,12,0
output/abs_templates/PAQS_absorber_000996.fits,3.630927366749664,10,1
output/abs_templates/PAQS_absorber_000997.fits,3.054360900841645,6,0
output/abs_templates/PAQS_absorber_000998.fits,3.0404699280064187,5,0
output/abs_templates/PAQS_absorber_000999.fits,3.8281369376980914,11,0
output/abs_templates/PAQS_absorber_001000.fits,3.792050902255662,17,0
